id,label
SEQ0,10
SEQ1,12
SEQ2,9
SEQ3,13
SEQ4,12
SEQ5,14
SEQ6,1
SEQ7,7
SEQ8,4
SEQ9,9
SEQ10,0
SEQ11,7
SEQ12,12
SEQ13,7
SEQ14,7
SEQ15,1
SEQ16,3
SEQ17,7
SEQ18,10
SEQ19,12
SEQ20,13
SEQ21,1
SEQ22,1
SEQ23,4
SEQ24,12
SEQ25,9
SEQ26,12
SEQ27,14
SEQ28,9
SEQ29,2
SEQ30,1
SEQ31,13
SEQ32,5
SEQ33,9
SEQ34,11
SEQ35,0
SEQ36,12
SEQ37,14
SEQ38,4
SEQ39,5
SEQ40,10
SEQ41,0
SEQ42,7
SEQ43,6
SEQ44,1
SEQ45,13
SEQ46,0
SEQ47,8
SEQ48,2
SEQ49,2
SEQ50,1
SEQ51,2
SEQ52,6
SEQ53,3
SEQ54,6
SEQ55,8
SEQ56,1
SEQ57,10
SEQ58,4
SEQ59,9
SEQ60,12
SEQ61,2
SEQ62,4
SEQ63,1
SEQ64,12
SEQ65,14
SEQ66,11
SEQ67,13
SEQ68,5
SEQ69,0
SEQ70,9
SEQ71,5
SEQ72,1
SEQ73,11
SEQ74,1
SEQ75,3
SEQ76,2
SEQ77,7
SEQ78,10
SEQ79,3
SEQ80,12
SEQ81,6
SEQ82,5
SEQ83,6
SEQ84,3
SEQ85,0
SEQ86,5
SEQ87,7
SEQ88,6
SEQ89,9
SEQ90,11
SEQ91,5
SEQ92,8
SEQ93,11
SEQ94,13
SEQ95,6
SEQ96,4
SEQ97,5
SEQ98,3
SEQ99,6
SEQ100,1
SEQ101,5
SEQ102,6
SEQ103,5
SEQ104,3
SEQ105,4
SEQ106,3
SEQ107,5
SEQ108,9
SEQ109,9
SEQ110,8
SEQ111,6
SEQ112,13
SEQ113,11
SEQ114,0
SEQ115,9
SEQ116,5
SEQ117,6
SEQ118,1
SEQ119,7
SEQ120,11
SEQ121,11
SEQ122,14
SEQ123,14
SEQ124,13
SEQ125,11
SEQ126,10
SEQ127,7
SEQ128,12
SEQ129,13
SEQ130,7
SEQ131,2
SEQ132,13
SEQ133,5
SEQ134,11
SEQ135,8
SEQ136,5
SEQ137,5
SEQ138,8
SEQ139,4
SEQ140,5
SEQ141,5
SEQ142,13
SEQ143,2
SEQ144,7
SEQ145,7
SEQ146,5
SEQ147,8
SEQ148,11
SEQ149,4
SEQ150,3
SEQ151,6
SEQ152,5
SEQ153,7
SEQ154,14
SEQ155,6
SEQ156,9
SEQ157,11
SEQ158,7
SEQ159,8
SEQ160,5
SEQ161,5
SEQ162,10
SEQ163,3
SEQ164,8
SEQ165,1
SEQ166,4
SEQ167,11
SEQ168,14
SEQ169,14
SEQ170,11
SEQ171,3
SEQ172,5
SEQ173,14
SEQ174,12
SEQ175,12
SEQ176,8
SEQ177,4
SEQ178,6
SEQ179,1
SEQ180,12
SEQ181,12
SEQ182,4
SEQ183,6
SEQ184,9
SEQ185,12
SEQ186,0
SEQ187,14
SEQ188,8
SEQ189,0
SEQ190,13
SEQ191,5
SEQ192,1
SEQ193,12
SEQ194,4
SEQ195,9
SEQ196,9
SEQ197,7
SEQ198,13
SEQ199,14
SEQ200,8
SEQ201,13
SEQ202,2
SEQ203,12
SEQ204,7
SEQ205,5
SEQ206,8
SEQ207,11
SEQ208,3
SEQ209,7
SEQ210,12
SEQ211,12
SEQ212,6
SEQ213,13
SEQ214,12
SEQ215,10
SEQ216,9
SEQ217,7
SEQ218,5
SEQ219,8
SEQ220,11
SEQ221,10
SEQ222,13
SEQ223,2
SEQ224,12
SEQ225,0
SEQ226,11
SEQ227,7
SEQ228,11
SEQ229,7
SEQ230,10
SEQ231,13
SEQ232,0
SEQ233,14
SEQ234,4
SEQ235,5
SEQ236,5
SEQ237,6
SEQ238,6
SEQ239,6
SEQ240,10
SEQ241,0
SEQ242,6
SEQ243,9
SEQ244,1
SEQ245,7
SEQ246,6
SEQ247,3
SEQ248,0
SEQ249,9
SEQ250,8
SEQ251,3
SEQ252,6
SEQ253,11
SEQ254,12
SEQ255,6
SEQ256,13
SEQ257,5
SEQ258,1
SEQ259,11
SEQ260,5
SEQ261,3
SEQ262,13
SEQ263,1
SEQ264,14
SEQ265,7
SEQ266,13
SEQ267,1
SEQ268,7
SEQ269,4
SEQ270,0
SEQ271,6
SEQ272,1
SEQ273,7
SEQ274,6
SEQ275,13
SEQ276,5
SEQ277,1
SEQ278,1
SEQ279,8
SEQ280,7
SEQ281,2
SEQ282,0
SEQ283,7
SEQ284,6
SEQ285,7
SEQ286,8
SEQ287,6
SEQ288,7
SEQ289,11
SEQ290,2
SEQ291,14
SEQ292,3
SEQ293,5
SEQ294,7
SEQ295,4
SEQ296,7
SEQ297,4
SEQ298,8
SEQ299,14
SEQ300,7
SEQ301,8
SEQ302,9
SEQ303,8
SEQ304,7
SEQ305,3
SEQ306,8
SEQ307,1
SEQ308,6
SEQ309,1
SEQ310,3
SEQ311,4
SEQ312,2
SEQ313,7
SEQ314,3
SEQ315,0
SEQ316,9
SEQ317,7
SEQ318,8
SEQ319,8
SEQ320,5
SEQ321,5
SEQ322,5
SEQ323,11
SEQ324,13
SEQ325,3
SEQ326,12
SEQ327,12
SEQ328,2
SEQ329,4
SEQ330,14
SEQ331,3
SEQ332,3
SEQ333,14
SEQ334,8
SEQ335,4
SEQ336,5
SEQ337,0
SEQ338,9
SEQ339,13
SEQ340,4
SEQ341,6
SEQ342,8
SEQ343,11
SEQ344,2
SEQ345,13
SEQ346,4
SEQ347,6
SEQ348,5
SEQ349,0
SEQ350,6
SEQ351,11
SEQ352,13
SEQ353,9
SEQ354,2
SEQ355,3
SEQ356,6
SEQ357,6
SEQ358,11
SEQ359,11
SEQ360,8
SEQ361,0
SEQ362,4
SEQ363,10
SEQ364,0
SEQ365,5
SEQ366,4
SEQ367,9
SEQ368,1
SEQ369,11
SEQ370,0
SEQ371,5
SEQ372,14
SEQ373,13
SEQ374,9
SEQ375,12
SEQ376,2
SEQ377,4
SEQ378,2
SEQ379,13
SEQ380,11
SEQ381,5
SEQ382,5
SEQ383,4
SEQ384,12
SEQ385,9
SEQ386,0
SEQ387,7
SEQ388,4
SEQ389,2
SEQ390,7
SEQ391,5
SEQ392,8
SEQ393,14
SEQ394,7
SEQ395,12
SEQ396,14
SEQ397,8
SEQ398,8
SEQ399,14
SEQ400,5
SEQ401,14
SEQ402,11
SEQ403,2
SEQ404,7
SEQ405,7
SEQ406,1
SEQ407,1
SEQ408,5
SEQ409,5
SEQ410,6
SEQ411,14
SEQ412,1
SEQ413,2
SEQ414,2
SEQ415,5
SEQ416,7
SEQ417,9
SEQ418,3
SEQ419,5
SEQ420,6
SEQ421,7
SEQ422,0
SEQ423,3
SEQ424,7
SEQ425,7
SEQ426,10
SEQ427,1
SEQ428,3
SEQ429,11
SEQ430,8
SEQ431,12
SEQ432,12
SEQ433,11
SEQ434,3
SEQ435,2
SEQ436,5
SEQ437,7
SEQ438,6
SEQ439,5
SEQ440,2
SEQ441,14
SEQ442,9
SEQ443,4
SEQ444,10
SEQ445,5
SEQ446,14
SEQ447,11
SEQ448,12
SEQ449,14
SEQ450,2
SEQ451,5
SEQ452,5
SEQ453,6
SEQ454,6
SEQ455,6
SEQ456,5
SEQ457,3
SEQ458,5
SEQ459,11
SEQ460,8
SEQ461,0
SEQ462,8
SEQ463,4
SEQ464,2
SEQ465,6
SEQ466,7
SEQ467,4
SEQ468,10
SEQ469,6
SEQ470,8
SEQ471,7
SEQ472,8
SEQ473,9
SEQ474,4
SEQ475,0
SEQ476,5
SEQ477,11
SEQ478,5
SEQ479,0
SEQ480,6
SEQ481,1
SEQ482,14
SEQ483,10
SEQ484,7
SEQ485,0
SEQ486,6
SEQ487,6
SEQ488,1
SEQ489,13
SEQ490,4
SEQ491,0
SEQ492,3
SEQ493,12
SEQ494,9
SEQ495,7
SEQ496,5
SEQ497,1
SEQ498,3
SEQ499,8
SEQ500,5
SEQ501,10
SEQ502,5
SEQ503,8
SEQ504,10
SEQ505,5
SEQ506,1
SEQ507,10
SEQ508,7
SEQ509,3
SEQ510,14
SEQ511,13
SEQ512,7
SEQ513,12
SEQ514,0
SEQ515,1
SEQ516,13
SEQ517,12
SEQ518,5
SEQ519,14
SEQ520,3
SEQ521,8
SEQ522,6
SEQ523,5
SEQ524,0
SEQ525,13
SEQ526,5
SEQ527,3
SEQ528,5
SEQ529,0
SEQ530,5
SEQ531,8
SEQ532,4
SEQ533,3
SEQ534,5
SEQ535,4
SEQ536,5
SEQ537,2
SEQ538,5
SEQ539,9
SEQ540,5
SEQ541,0
SEQ542,1
SEQ543,2
SEQ544,11
SEQ545,13
SEQ546,9
SEQ547,13
SEQ548,5
SEQ549,2
SEQ550,5
SEQ551,13
SEQ552,4
SEQ553,6
SEQ554,13
SEQ555,9
SEQ556,4
SEQ557,1
SEQ558,8
SEQ559,3
SEQ560,2
SEQ561,5
SEQ562,7
SEQ563,2
SEQ564,9
SEQ565,9
SEQ566,4
SEQ567,0
SEQ568,2
SEQ569,1
SEQ570,3
SEQ571,14
SEQ572,14
SEQ573,7
SEQ574,4
SEQ575,14
SEQ576,8
SEQ577,1
SEQ578,12
SEQ579,12
SEQ580,1
SEQ581,1
SEQ582,1
SEQ583,0
SEQ584,1
SEQ585,4
SEQ586,6
SEQ587,10
SEQ588,5
SEQ589,5
SEQ590,1
SEQ591,14
SEQ592,11
SEQ593,2
SEQ594,0
SEQ595,4
SEQ596,6
SEQ597,13
SEQ598,0
SEQ599,5
SEQ600,1
SEQ601,3
SEQ602,5
SEQ603,5
SEQ604,14
SEQ605,10
SEQ606,7
SEQ607,1
SEQ608,9
SEQ609,10
SEQ610,9
SEQ611,3
SEQ612,7
SEQ613,12
SEQ614,6
SEQ615,0
SEQ616,6
SEQ617,13
SEQ618,2
SEQ619,5
SEQ620,0
SEQ621,0
SEQ622,5
SEQ623,10
SEQ624,11
SEQ625,12
SEQ626,4
SEQ627,13
SEQ628,9
SEQ629,14
SEQ630,5
SEQ631,5
SEQ632,5
SEQ633,10
SEQ634,0
SEQ635,5
SEQ636,1
SEQ637,9
SEQ638,4
SEQ639,11
SEQ640,11
SEQ641,13
SEQ642,5
SEQ643,4
SEQ644,11
SEQ645,7
SEQ646,4
SEQ647,4
SEQ648,9
SEQ649,11
SEQ650,8
SEQ651,1
SEQ652,7
SEQ653,5
SEQ654,12
SEQ655,2
SEQ656,2
SEQ657,5
SEQ658,6
SEQ659,11
SEQ660,14
SEQ661,13
SEQ662,1
SEQ663,7
SEQ664,3
SEQ665,3
SEQ666,2
SEQ667,6
SEQ668,13
SEQ669,7
SEQ670,7
SEQ671,6
SEQ672,1
SEQ673,0
SEQ674,5
SEQ675,8
SEQ676,1
SEQ677,11
SEQ678,13
SEQ679,5
SEQ680,4
SEQ681,0
SEQ682,2
SEQ683,10
SEQ684,8
SEQ685,7
SEQ686,4
SEQ687,0
SEQ688,4
SEQ689,7
SEQ690,11
SEQ691,3
SEQ692,13
SEQ693,1
SEQ694,14
SEQ695,1
SEQ696,5
SEQ697,5
SEQ698,13
SEQ699,13
SEQ700,12
SEQ701,0
SEQ702,7
SEQ703,14
SEQ704,2
SEQ705,8
SEQ706,1
SEQ707,4
SEQ708,6
SEQ709,1
SEQ710,3
SEQ711,1
SEQ712,4
SEQ713,1
SEQ714,4
SEQ715,12
SEQ716,4
SEQ717,5
SEQ718,13
SEQ719,6
SEQ720,4
SEQ721,6
SEQ722,5
SEQ723,14
SEQ724,6
SEQ725,11
SEQ726,6
SEQ727,11
SEQ728,8
SEQ729,7
SEQ730,6
SEQ731,7
SEQ732,2
SEQ733,12
SEQ734,6
SEQ735,5
SEQ736,14
SEQ737,2
SEQ738,5
SEQ739,3
SEQ740,8
SEQ741,0
SEQ742,8
SEQ743,2
SEQ744,14
SEQ745,0
SEQ746,8
SEQ747,10
SEQ748,9
SEQ749,5
SEQ750,12
SEQ751,6
SEQ752,3
SEQ753,1
SEQ754,2
SEQ755,12
SEQ756,12
SEQ757,8
SEQ758,12
SEQ759,14
SEQ760,11
SEQ761,5
SEQ762,9
SEQ763,1
SEQ764,1
SEQ765,8
SEQ766,5
SEQ767,2
SEQ768,12
SEQ769,5
SEQ770,10
SEQ771,5
SEQ772,3
SEQ773,0
SEQ774,5
SEQ775,13
SEQ776,3
SEQ777,1
SEQ778,6
SEQ779,2
SEQ780,1
SEQ781,8
SEQ782,1
SEQ783,13
SEQ784,0
SEQ785,12
SEQ786,11
SEQ787,5
SEQ788,5
SEQ789,5
SEQ790,14
SEQ791,13
SEQ792,9
SEQ793,6
SEQ794,12
SEQ795,14
SEQ796,5
SEQ797,14
SEQ798,2
SEQ799,1
SEQ800,10
SEQ801,1
SEQ802,11
SEQ803,11
SEQ804,8
SEQ805,0
SEQ806,12
SEQ807,6
SEQ808,11
SEQ809,7
SEQ810,0
SEQ811,0
SEQ812,6
SEQ813,2
SEQ814,11
SEQ815,2
SEQ816,5
SEQ817,4
SEQ818,11
SEQ819,3
SEQ820,9
SEQ821,0
SEQ822,12
SEQ823,2
SEQ824,4
SEQ825,0
SEQ826,5
SEQ827,10
SEQ828,1
SEQ829,13
SEQ830,5
SEQ831,13
SEQ832,11
SEQ833,14
SEQ834,10
SEQ835,3
SEQ836,10
SEQ837,11
SEQ838,0
SEQ839,1
SEQ840,14
SEQ841,2
SEQ842,8
SEQ843,11
SEQ844,4
SEQ845,13
SEQ846,9
SEQ847,12
SEQ848,14
SEQ849,9
SEQ850,2
SEQ851,8
SEQ852,2
SEQ853,11
SEQ854,9
SEQ855,11
SEQ856,3
SEQ857,4
SEQ858,0
SEQ859,14
SEQ860,7
SEQ861,14
SEQ862,5
SEQ863,7
SEQ864,8
SEQ865,5
SEQ866,2
SEQ867,5
SEQ868,9
SEQ869,10
SEQ870,8
SEQ871,7
SEQ872,0
SEQ873,7
SEQ874,3
SEQ875,7
SEQ876,9
SEQ877,1
SEQ878,0
SEQ879,4
SEQ880,10
SEQ881,3
SEQ882,10
SEQ883,14
SEQ884,1
SEQ885,13
SEQ886,9
SEQ887,5
SEQ888,14
SEQ889,8
SEQ890,11
SEQ891,12
SEQ892,7
SEQ893,14
SEQ894,7
SEQ895,7
SEQ896,12
SEQ897,7
SEQ898,13
SEQ899,8
SEQ900,13
SEQ901,9
SEQ902,2
SEQ903,6
SEQ904,6
SEQ905,12
SEQ906,8
SEQ907,10
SEQ908,3
SEQ909,1
SEQ910,2
SEQ911,6
SEQ912,7
SEQ913,10
SEQ914,6
SEQ915,7
SEQ916,5
SEQ917,13
SEQ918,8
SEQ919,7
SEQ920,3
SEQ921,9
SEQ922,10
SEQ923,7
SEQ924,0
SEQ925,1
SEQ926,12
SEQ927,7
SEQ928,6
SEQ929,14
SEQ930,9
SEQ931,6
SEQ932,2
SEQ933,10
SEQ934,6
SEQ935,8
SEQ936,11
SEQ937,8
SEQ938,6
SEQ939,12
SEQ940,9
SEQ941,14
SEQ942,5
SEQ943,7
SEQ944,10
SEQ945,9
SEQ946,10
SEQ947,6
SEQ948,14
SEQ949,8
SEQ950,9
SEQ951,11
SEQ952,6
SEQ953,2
SEQ954,7
SEQ955,7
SEQ956,10
SEQ957,8
SEQ958,4
SEQ959,12
SEQ960,11
SEQ961,13
SEQ962,8
SEQ963,1
SEQ964,7
SEQ965,5
SEQ966,13
SEQ967,5
SEQ968,0
SEQ969,7
SEQ970,3
SEQ971,8
SEQ972,14
SEQ973,2
SEQ974,9
SEQ975,2
SEQ976,3
SEQ977,13
SEQ978,3
SEQ979,3
SEQ980,4
SEQ981,1
SEQ982,13
SEQ983,6
SEQ984,8
SEQ985,11
SEQ986,5
SEQ987,8
SEQ988,12
SEQ989,0
SEQ990,14
SEQ991,7
SEQ992,11
SEQ993,6
SEQ994,8
SEQ995,9
SEQ996,14
SEQ997,3
SEQ998,13
SEQ999,12
SEQ1000,10
SEQ1001,2
SEQ1002,1
SEQ1003,0
SEQ1004,13
SEQ1005,3
SEQ1006,7
SEQ1007,4
SEQ1008,3
SEQ1009,10
SEQ1010,4
SEQ1011,6
SEQ1012,6
SEQ1013,13
SEQ1014,3
SEQ1015,12
SEQ1016,1
SEQ1017,3
SEQ1018,0
SEQ1019,0
SEQ1020,1
SEQ1021,9
SEQ1022,12
SEQ1023,0
SEQ1024,5
SEQ1025,8
SEQ1026,1
SEQ1027,3
SEQ1028,14
SEQ1029,8
SEQ1030,2
SEQ1031,2
SEQ1032,6
SEQ1033,9
SEQ1034,7
SEQ1035,11
SEQ1036,6
SEQ1037,10
SEQ1038,1
SEQ1039,7
SEQ1040,5
SEQ1041,5
SEQ1042,7
SEQ1043,13
SEQ1044,9
SEQ1045,0
SEQ1046,11
SEQ1047,12
SEQ1048,5
SEQ1049,7
SEQ1050,10
SEQ1051,12
SEQ1052,7
SEQ1053,3
SEQ1054,6
SEQ1055,13
SEQ1056,6
SEQ1057,13
SEQ1058,7
SEQ1059,9
SEQ1060,11
SEQ1061,0
SEQ1062,5
SEQ1063,8
SEQ1064,7
SEQ1065,1
SEQ1066,12
SEQ1067,2
SEQ1068,7
SEQ1069,10
SEQ1070,1
SEQ1071,13
SEQ1072,1
SEQ1073,7
SEQ1074,13
SEQ1075,1
SEQ1076,12
SEQ1077,6
SEQ1078,7
SEQ1079,5
SEQ1080,7
SEQ1081,5
SEQ1082,9
SEQ1083,5
SEQ1084,2
SEQ1085,5
SEQ1086,2
SEQ1087,7
SEQ1088,0
SEQ1089,13
SEQ1090,7
SEQ1091,14
SEQ1092,4
SEQ1093,14
SEQ1094,5
SEQ1095,0
SEQ1096,9
SEQ1097,5
SEQ1098,7
SEQ1099,3
SEQ1100,12
SEQ1101,12
SEQ1102,13
SEQ1103,7
SEQ1104,13
SEQ1105,8
SEQ1106,9
SEQ1107,4
SEQ1108,8
SEQ1109,6
SEQ1110,7
SEQ1111,7
SEQ1112,13
SEQ1113,7
SEQ1114,7
SEQ1115,10
SEQ1116,3
SEQ1117,9
SEQ1118,8
SEQ1119,4
SEQ1120,12
SEQ1121,0
SEQ1122,11
SEQ1123,9
SEQ1124,2
SEQ1125,14
SEQ1126,6
SEQ1127,7
SEQ1128,10
SEQ1129,12
SEQ1130,6
SEQ1131,8
SEQ1132,6
SEQ1133,8
SEQ1134,13
SEQ1135,7
SEQ1136,5
SEQ1137,13
SEQ1138,0
SEQ1139,12
SEQ1140,4
SEQ1141,5
SEQ1142,6
SEQ1143,5
SEQ1144,12
SEQ1145,13
SEQ1146,12
SEQ1147,0
SEQ1148,12
SEQ1149,7
SEQ1150,6
SEQ1151,8
SEQ1152,12
SEQ1153,14
SEQ1154,7
SEQ1155,8
SEQ1156,14
SEQ1157,12
SEQ1158,7
SEQ1159,11
SEQ1160,9
SEQ1161,14
SEQ1162,6
SEQ1163,7
SEQ1164,10
SEQ1165,7
SEQ1166,6
SEQ1167,5
SEQ1168,2
SEQ1169,5
SEQ1170,0
SEQ1171,1
SEQ1172,9
SEQ1173,7
SEQ1174,6
SEQ1175,3
SEQ1176,8
SEQ1177,7
SEQ1178,5
SEQ1179,5
SEQ1180,14
SEQ1181,7
SEQ1182,14
SEQ1183,1
SEQ1184,7
SEQ1185,4
SEQ1186,0
SEQ1187,5
SEQ1188,11
SEQ1189,13
SEQ1190,9
SEQ1191,4
SEQ1192,3
SEQ1193,4
SEQ1194,8
SEQ1195,3
SEQ1196,11
SEQ1197,1
SEQ1198,14
SEQ1199,12
SEQ1200,13
SEQ1201,13
SEQ1202,13
SEQ1203,7
SEQ1204,1
SEQ1205,7
SEQ1206,2
SEQ1207,7
SEQ1208,10
SEQ1209,4
SEQ1210,3
SEQ1211,11
SEQ1212,2
SEQ1213,7
SEQ1214,10
SEQ1215,12
SEQ1216,11
SEQ1217,13
SEQ1218,12
SEQ1219,7
SEQ1220,10
SEQ1221,7
SEQ1222,14
SEQ1223,8
SEQ1224,7
SEQ1225,13
SEQ1226,8
SEQ1227,4
SEQ1228,8
SEQ1229,13
SEQ1230,7
SEQ1231,2
SEQ1232,6
SEQ1233,7
SEQ1234,1
SEQ1235,4
SEQ1236,5
SEQ1237,9
SEQ1238,14
SEQ1239,13
SEQ1240,2
SEQ1241,5
SEQ1242,9
SEQ1243,3
SEQ1244,8
SEQ1245,10
SEQ1246,13
SEQ1247,1
SEQ1248,1
SEQ1249,2
SEQ1250,14
SEQ1251,3
SEQ1252,14
SEQ1253,11
SEQ1254,11
SEQ1255,6
SEQ1256,3
SEQ1257,13
SEQ1258,14
SEQ1259,6
SEQ1260,13
SEQ1261,13
SEQ1262,3
SEQ1263,3
SEQ1264,3
SEQ1265,6
SEQ1266,13
SEQ1267,6
SEQ1268,13
SEQ1269,12
SEQ1270,10
SEQ1271,6
SEQ1272,7
SEQ1273,8
SEQ1274,14
SEQ1275,6
SEQ1276,6
SEQ1277,9
SEQ1278,13
SEQ1279,10
SEQ1280,11
SEQ1281,0
SEQ1282,14
SEQ1283,7
SEQ1284,14
SEQ1285,11
SEQ1286,1
SEQ1287,9
SEQ1288,7
SEQ1289,0
SEQ1290,0
SEQ1291,7
SEQ1292,13
SEQ1293,14
SEQ1294,10
SEQ1295,3
SEQ1296,7
SEQ1297,12
SEQ1298,7
SEQ1299,2
SEQ1300,14
SEQ1301,1
SEQ1302,5
SEQ1303,13
SEQ1304,9
SEQ1305,4
SEQ1306,13
SEQ1307,13
SEQ1308,14
SEQ1309,7
SEQ1310,5
SEQ1311,5
SEQ1312,7
SEQ1313,0
SEQ1314,3
SEQ1315,6
SEQ1316,4
SEQ1317,12
SEQ1318,5
SEQ1319,4
SEQ1320,11
SEQ1321,9
SEQ1322,10
SEQ1323,14
SEQ1324,2
SEQ1325,4
SEQ1326,14
SEQ1327,1
SEQ1328,9
SEQ1329,6
SEQ1330,10
SEQ1331,8
SEQ1332,4
SEQ1333,7
SEQ1334,0
SEQ1335,7
SEQ1336,10
SEQ1337,3
SEQ1338,4
SEQ1339,9
SEQ1340,0
SEQ1341,7
SEQ1342,7
SEQ1343,14
SEQ1344,1
SEQ1345,2
SEQ1346,11
SEQ1347,12
SEQ1348,13
SEQ1349,2
SEQ1350,9
SEQ1351,3
SEQ1352,8
SEQ1353,13
SEQ1354,1
SEQ1355,12
SEQ1356,11
SEQ1357,1
SEQ1358,8
SEQ1359,4
SEQ1360,7
SEQ1361,2
SEQ1362,3
SEQ1363,7
SEQ1364,3
SEQ1365,12
SEQ1366,7
SEQ1367,7
SEQ1368,5
SEQ1369,6
SEQ1370,10
SEQ1371,10
SEQ1372,6
SEQ1373,13
SEQ1374,4
SEQ1375,0
SEQ1376,8
SEQ1377,10
SEQ1378,10
SEQ1379,7
SEQ1380,4
SEQ1381,2
SEQ1382,7
SEQ1383,10
SEQ1384,0
SEQ1385,8
SEQ1386,12
SEQ1387,3
SEQ1388,13
SEQ1389,10
SEQ1390,10
SEQ1391,6
SEQ1392,3
SEQ1393,14
SEQ1394,3
SEQ1395,13
SEQ1396,13
SEQ1397,9
SEQ1398,5
SEQ1399,4
SEQ1400,7
SEQ1401,1
SEQ1402,0
SEQ1403,7
SEQ1404,6
SEQ1405,7
SEQ1406,1
SEQ1407,6
SEQ1408,0
SEQ1409,12
SEQ1410,3
SEQ1411,1
SEQ1412,4
SEQ1413,0
SEQ1414,7
SEQ1415,6
SEQ1416,0
SEQ1417,12
SEQ1418,2
SEQ1419,14
SEQ1420,5
SEQ1421,13
SEQ1422,13
SEQ1423,4
SEQ1424,1
SEQ1425,0
SEQ1426,1
SEQ1427,2
SEQ1428,12
SEQ1429,10
SEQ1430,4
SEQ1431,2
SEQ1432,3
SEQ1433,14
SEQ1434,5
SEQ1435,6
SEQ1436,3
SEQ1437,13
SEQ1438,11
SEQ1439,6
SEQ1440,7
SEQ1441,12
SEQ1442,3
SEQ1443,7
SEQ1444,6
SEQ1445,7
SEQ1446,7
SEQ1447,10
SEQ1448,13
SEQ1449,2
SEQ1450,7
SEQ1451,11
SEQ1452,1
SEQ1453,1
SEQ1454,12
SEQ1455,4
SEQ1456,13
SEQ1457,6
SEQ1458,3
SEQ1459,7
SEQ1460,7
SEQ1461,7
SEQ1462,6
SEQ1463,6
SEQ1464,10
SEQ1465,10
SEQ1466,9
SEQ1467,9
SEQ1468,0
SEQ1469,7
SEQ1470,7
SEQ1471,13
SEQ1472,10
SEQ1473,14
SEQ1474,0
SEQ1475,14
SEQ1476,10
SEQ1477,10
SEQ1478,13
SEQ1479,3
SEQ1480,8
SEQ1481,5
SEQ1482,7
SEQ1483,1
SEQ1484,1
SEQ1485,0
SEQ1486,3
SEQ1487,6
SEQ1488,7
SEQ1489,10
SEQ1490,7
SEQ1491,7
SEQ1492,7
SEQ1493,3
SEQ1494,7
SEQ1495,12
SEQ1496,10
SEQ1497,6
SEQ1498,9
SEQ1499,3
SEQ1500,5
SEQ1501,2
SEQ1502,7
SEQ1503,14
SEQ1504,3
SEQ1505,3
SEQ1506,12
SEQ1507,13
SEQ1508,7
SEQ1509,5
SEQ1510,10
SEQ1511,13
SEQ1512,2
SEQ1513,1
SEQ1514,0
SEQ1515,9
SEQ1516,10
SEQ1517,5
SEQ1518,5
SEQ1519,4
SEQ1520,2
SEQ1521,9
SEQ1522,7
SEQ1523,11
SEQ1524,9
SEQ1525,8
SEQ1526,8
SEQ1527,13
SEQ1528,1
SEQ1529,7
SEQ1530,7
SEQ1531,14
SEQ1532,13
SEQ1533,13
SEQ1534,0
SEQ1535,4
SEQ1536,9
SEQ1537,12
SEQ1538,12
SEQ1539,11
SEQ1540,7
SEQ1541,4
SEQ1542,6
SEQ1543,9
SEQ1544,7
SEQ1545,4
SEQ1546,14
SEQ1547,13
SEQ1548,4
SEQ1549,1
SEQ1550,9
SEQ1551,3
SEQ1552,13
SEQ1553,8
SEQ1554,14
SEQ1555,7
SEQ1556,14
SEQ1557,3
SEQ1558,12
SEQ1559,0
SEQ1560,13
SEQ1561,5
SEQ1562,12
SEQ1563,3
SEQ1564,7
SEQ1565,13
SEQ1566,10
SEQ1567,6
SEQ1568,8
SEQ1569,13
SEQ1570,13
SEQ1571,2
SEQ1572,6
SEQ1573,8
SEQ1574,0
SEQ1575,2
SEQ1576,11
SEQ1577,11
SEQ1578,12
SEQ1579,12
SEQ1580,13
SEQ1581,10
SEQ1582,8
SEQ1583,10
SEQ1584,10
SEQ1585,11
SEQ1586,9
SEQ1587,0
SEQ1588,13
SEQ1589,12
SEQ1590,7
SEQ1591,11
SEQ1592,7
SEQ1593,6
SEQ1594,12
SEQ1595,13
SEQ1596,7
SEQ1597,12
SEQ1598,11
SEQ1599,6
SEQ1600,1
SEQ1601,7
SEQ1602,7
SEQ1603,2
SEQ1604,12
SEQ1605,9
SEQ1606,14
SEQ1607,13
SEQ1608,13
SEQ1609,7
SEQ1610,10
SEQ1611,2
SEQ1612,3
SEQ1613,7
SEQ1614,8
SEQ1615,4
SEQ1616,3
SEQ1617,11
SEQ1618,3
SEQ1619,7
SEQ1620,6
SEQ1621,10
SEQ1622,6
SEQ1623,2
SEQ1624,4
SEQ1625,2
SEQ1626,9
SEQ1627,0
SEQ1628,14
SEQ1629,14
SEQ1630,1
SEQ1631,13
SEQ1632,2
SEQ1633,7
SEQ1634,10
SEQ1635,4
SEQ1636,2
SEQ1637,12
SEQ1638,10
SEQ1639,11
SEQ1640,10
SEQ1641,10
SEQ1642,2
SEQ1643,4
SEQ1644,14
SEQ1645,14
SEQ1646,8
SEQ1647,11
SEQ1648,9
SEQ1649,7
SEQ1650,13
SEQ1651,8
SEQ1652,4
SEQ1653,11
SEQ1654,10
SEQ1655,8
SEQ1656,1
SEQ1657,5
SEQ1658,4
SEQ1659,13
SEQ1660,5
SEQ1661,4
SEQ1662,7
SEQ1663,8
SEQ1664,4
SEQ1665,8
SEQ1666,13
SEQ1667,0
SEQ1668,7
SEQ1669,2
SEQ1670,9
SEQ1671,10
SEQ1672,6
SEQ1673,2
SEQ1674,5
SEQ1675,12
SEQ1676,2
SEQ1677,1
SEQ1678,4
SEQ1679,13
SEQ1680,14
SEQ1681,6
SEQ1682,14
SEQ1683,1
SEQ1684,0
SEQ1685,5
SEQ1686,5
SEQ1687,5
SEQ1688,8
SEQ1689,12
SEQ1690,9
SEQ1691,7
SEQ1692,7
SEQ1693,3
SEQ1694,5
SEQ1695,7
SEQ1696,0
SEQ1697,7
SEQ1698,4
SEQ1699,3
SEQ1700,2
SEQ1701,0
SEQ1702,12
SEQ1703,10
SEQ1704,11
SEQ1705,2
SEQ1706,8
SEQ1707,11
SEQ1708,0
SEQ1709,1
SEQ1710,4
SEQ1711,10
SEQ1712,3
SEQ1713,13
SEQ1714,12
SEQ1715,7
SEQ1716,3
SEQ1717,7
SEQ1718,11
SEQ1719,7
SEQ1720,4
SEQ1721,1
SEQ1722,9
SEQ1723,7
SEQ1724,11
SEQ1725,14
SEQ1726,11
SEQ1727,13
SEQ1728,11
SEQ1729,0
SEQ1730,13
SEQ1731,1
SEQ1732,0
SEQ1733,6
SEQ1734,4
SEQ1735,11
SEQ1736,4
SEQ1737,13
SEQ1738,8
SEQ1739,3
SEQ1740,3
SEQ1741,0
SEQ1742,9
SEQ1743,10
SEQ1744,11
SEQ1745,0
SEQ1746,11
SEQ1747,5
SEQ1748,14
SEQ1749,12
SEQ1750,14
SEQ1751,7
SEQ1752,11
SEQ1753,3
SEQ1754,11
SEQ1755,6
SEQ1756,10
SEQ1757,7
SEQ1758,13
SEQ1759,4
SEQ1760,7
SEQ1761,5
SEQ1762,1
SEQ1763,9
SEQ1764,3
SEQ1765,5
SEQ1766,4
SEQ1767,11
SEQ1768,8
SEQ1769,4
SEQ1770,4
SEQ1771,6
SEQ1772,11
SEQ1773,13
SEQ1774,13
SEQ1775,0
SEQ1776,12
SEQ1777,9
SEQ1778,3
SEQ1779,14
SEQ1780,10
SEQ1781,13
SEQ1782,0
SEQ1783,11
SEQ1784,3
SEQ1785,10
SEQ1786,1
SEQ1787,2
SEQ1788,1
SEQ1789,11
SEQ1790,10
SEQ1791,11
SEQ1792,10
SEQ1793,11
SEQ1794,8
SEQ1795,7
SEQ1796,9
SEQ1797,13
SEQ1798,7
SEQ1799,6
SEQ1800,10
SEQ1801,1
SEQ1802,10
SEQ1803,12
SEQ1804,1
SEQ1805,8
SEQ1806,2
SEQ1807,5
SEQ1808,11
SEQ1809,11
SEQ1810,11
SEQ1811,11
SEQ1812,11
SEQ1813,1
SEQ1814,13
SEQ1815,10
SEQ1816,3
SEQ1817,2
SEQ1818,5
SEQ1819,1
SEQ1820,2
SEQ1821,4
SEQ1822,9
SEQ1823,4
SEQ1824,12
SEQ1825,13
SEQ1826,11
SEQ1827,0
SEQ1828,12
SEQ1829,13
SEQ1830,6
SEQ1831,5
SEQ1832,7
SEQ1833,12
SEQ1834,5
SEQ1835,8
SEQ1836,12
SEQ1837,6
SEQ1838,8
SEQ1839,12
SEQ1840,2
SEQ1841,10
SEQ1842,1
SEQ1843,11
SEQ1844,8
SEQ1845,6
SEQ1846,1
SEQ1847,4
SEQ1848,12
SEQ1849,2
SEQ1850,2
SEQ1851,11
SEQ1852,12
SEQ1853,2
SEQ1854,9
SEQ1855,4
SEQ1856,7
SEQ1857,1
SEQ1858,10
SEQ1859,5
SEQ1860,13
SEQ1861,10
SEQ1862,13
SEQ1863,11
SEQ1864,5
SEQ1865,13
SEQ1866,14
SEQ1867,11
SEQ1868,11
SEQ1869,14
SEQ1870,10
SEQ1871,4
SEQ1872,1
SEQ1873,5
SEQ1874,11
SEQ1875,13
SEQ1876,14
SEQ1877,14
SEQ1878,12
SEQ1879,9
SEQ1880,3
SEQ1881,10
SEQ1882,4
SEQ1883,10
SEQ1884,14
SEQ1885,14
SEQ1886,14
SEQ1887,12
SEQ1888,0
SEQ1889,12
SEQ1890,6
SEQ1891,8
SEQ1892,5
SEQ1893,4
SEQ1894,1
SEQ1895,4
SEQ1896,11
SEQ1897,9
SEQ1898,10
SEQ1899,6
SEQ1900,12
SEQ1901,6
SEQ1902,1
SEQ1903,3
SEQ1904,11
SEQ1905,3
SEQ1906,10
SEQ1907,10
SEQ1908,0
SEQ1909,2
SEQ1910,3
SEQ1911,14
SEQ1912,6
SEQ1913,12
SEQ1914,1
SEQ1915,8
SEQ1916,14
SEQ1917,3
SEQ1918,9
SEQ1919,5
SEQ1920,11
SEQ1921,9
SEQ1922,1
SEQ1923,14
SEQ1924,5
SEQ1925,10
SEQ1926,2
SEQ1927,4
SEQ1928,8
SEQ1929,3
SEQ1930,0
SEQ1931,9
SEQ1932,13
SEQ1933,14
SEQ1934,12
SEQ1935,2
SEQ1936,11
SEQ1937,12
SEQ1938,4
SEQ1939,6
SEQ1940,12
SEQ1941,7
SEQ1942,13
SEQ1943,8
SEQ1944,4
SEQ1945,14
SEQ1946,7
SEQ1947,0
SEQ1948,7
SEQ1949,2
SEQ1950,8
SEQ1951,2
SEQ1952,12
SEQ1953,12
SEQ1954,6
SEQ1955,14
SEQ1956,8
SEQ1957,1
SEQ1958,11
SEQ1959,8
SEQ1960,5
SEQ1961,2
SEQ1962,5
SEQ1963,2
SEQ1964,3
SEQ1965,11
SEQ1966,2
SEQ1967,11
SEQ1968,3
SEQ1969,6
SEQ1970,7
SEQ1971,13
SEQ1972,0
SEQ1973,13
SEQ1974,4
SEQ1975,14
SEQ1976,10
SEQ1977,7
SEQ1978,7
SEQ1979,2
SEQ1980,8
SEQ1981,2
SEQ1982,10
SEQ1983,6
SEQ1984,11
SEQ1985,9
SEQ1986,8
SEQ1987,9
SEQ1988,3
SEQ1989,8
SEQ1990,7
SEQ1991,2
SEQ1992,7
SEQ1993,7
SEQ1994,5
SEQ1995,5
SEQ1996,5
SEQ1997,5
SEQ1998,5
SEQ1999,4
SEQ2000,8
SEQ2001,4
SEQ2002,13
SEQ2003,7
SEQ2004,3
SEQ2005,1
SEQ2006,13
SEQ2007,0
SEQ2008,13
SEQ2009,0
SEQ2010,1
SEQ2011,4
SEQ2012,11
SEQ2013,12
SEQ2014,10
SEQ2015,7
SEQ2016,5
SEQ2017,14
SEQ2018,9
SEQ2019,12
SEQ2020,11
SEQ2021,9
SEQ2022,6
SEQ2023,3
SEQ2024,5
SEQ2025,11
SEQ2026,0
SEQ2027,6
SEQ2028,11
SEQ2029,3
SEQ2030,5
SEQ2031,6
SEQ2032,9
SEQ2033,0
SEQ2034,8
SEQ2035,8
SEQ2036,5
SEQ2037,13
SEQ2038,11
SEQ2039,8
SEQ2040,10
SEQ2041,11
SEQ2042,7
SEQ2043,1
SEQ2044,11
SEQ2045,6
SEQ2046,7
SEQ2047,3
SEQ2048,1
SEQ2049,7
SEQ2050,14
SEQ2051,7
SEQ2052,14
SEQ2053,6
SEQ2054,1
SEQ2055,3
SEQ2056,10
SEQ2057,14
SEQ2058,9
SEQ2059,1
SEQ2060,9
SEQ2061,3
SEQ2062,2
SEQ2063,10
SEQ2064,3
SEQ2065,12
SEQ2066,11
SEQ2067,5
SEQ2068,14
SEQ2069,9
SEQ2070,11
SEQ2071,11
SEQ2072,1
SEQ2073,3
SEQ2074,4
SEQ2075,3
SEQ2076,4
SEQ2077,9
SEQ2078,11
SEQ2079,4
SEQ2080,14
SEQ2081,11
SEQ2082,10
SEQ2083,6
SEQ2084,13
SEQ2085,7
SEQ2086,0
SEQ2087,4
SEQ2088,1
SEQ2089,0
SEQ2090,1
SEQ2091,7
SEQ2092,7
SEQ2093,4
SEQ2094,2
SEQ2095,1
SEQ2096,9
SEQ2097,1
SEQ2098,11
SEQ2099,12
SEQ2100,13
SEQ2101,0
SEQ2102,11
SEQ2103,3
SEQ2104,11
SEQ2105,12
SEQ2106,8
SEQ2107,3
SEQ2108,6
SEQ2109,12
SEQ2110,10
SEQ2111,2
SEQ2112,7
SEQ2113,4
SEQ2114,11
SEQ2115,9
SEQ2116,14
SEQ2117,5
SEQ2118,13
SEQ2119,3
SEQ2120,8
SEQ2121,11
SEQ2122,11
SEQ2123,0
SEQ2124,12
SEQ2125,2
SEQ2126,5
SEQ2127,5
SEQ2128,0
SEQ2129,12
SEQ2130,0
SEQ2131,11
SEQ2132,7
SEQ2133,11
SEQ2134,8
SEQ2135,13
SEQ2136,3
SEQ2137,8
SEQ2138,4
SEQ2139,7
SEQ2140,11
SEQ2141,2
SEQ2142,2
SEQ2143,6
SEQ2144,2
SEQ2145,13
SEQ2146,5
SEQ2147,14
SEQ2148,3
SEQ2149,8
SEQ2150,1
SEQ2151,0
SEQ2152,4
SEQ2153,11
SEQ2154,3
SEQ2155,14
SEQ2156,11
SEQ2157,10
SEQ2158,9
SEQ2159,11
SEQ2160,4
SEQ2161,0
SEQ2162,1
SEQ2163,8
SEQ2164,1
SEQ2165,7
SEQ2166,9
SEQ2167,8
SEQ2168,4
SEQ2169,6
SEQ2170,2
SEQ2171,7
SEQ2172,12
SEQ2173,8
SEQ2174,3
SEQ2175,6
SEQ2176,5
SEQ2177,1
SEQ2178,5
SEQ2179,0
SEQ2180,7
SEQ2181,9
SEQ2182,11
SEQ2183,5
SEQ2184,4
SEQ2185,10
SEQ2186,0
SEQ2187,8
SEQ2188,12
SEQ2189,13
SEQ2190,1
SEQ2191,5
SEQ2192,2
SEQ2193,14
SEQ2194,10
SEQ2195,7
SEQ2196,5
SEQ2197,14
SEQ2198,9
SEQ2199,6
SEQ2200,2
SEQ2201,6
SEQ2202,2
SEQ2203,14
SEQ2204,14
SEQ2205,8
SEQ2206,4
SEQ2207,2
SEQ2208,3
SEQ2209,14
SEQ2210,0
SEQ2211,4
SEQ2212,10
SEQ2213,1
SEQ2214,13
SEQ2215,13
SEQ2216,11
SEQ2217,7
SEQ2218,8
SEQ2219,4
SEQ2220,12
SEQ2221,6
SEQ2222,2
SEQ2223,7
SEQ2224,0
SEQ2225,2
SEQ2226,13
SEQ2227,2
SEQ2228,2
SEQ2229,12
SEQ2230,7
SEQ2231,7
SEQ2232,5
SEQ2233,0
SEQ2234,0
SEQ2235,10
SEQ2236,14
SEQ2237,10
SEQ2238,4
SEQ2239,5
SEQ2240,7
SEQ2241,4
SEQ2242,8
SEQ2243,10
SEQ2244,4
SEQ2245,5
SEQ2246,1
SEQ2247,12
SEQ2248,14
SEQ2249,0
SEQ2250,0
SEQ2251,14
SEQ2252,7
SEQ2253,2
SEQ2254,1
SEQ2255,2
SEQ2256,13
SEQ2257,11
SEQ2258,9
SEQ2259,2
SEQ2260,14
SEQ2261,10
SEQ2262,5
SEQ2263,6
SEQ2264,0
SEQ2265,1
SEQ2266,4
SEQ2267,11
SEQ2268,11
SEQ2269,6
SEQ2270,9
SEQ2271,6
SEQ2272,6
SEQ2273,11
SEQ2274,11
SEQ2275,13
SEQ2276,1
SEQ2277,5
SEQ2278,2
SEQ2279,7
SEQ2280,3
SEQ2281,3
SEQ2282,8
SEQ2283,3
SEQ2284,8
SEQ2285,2
SEQ2286,7
SEQ2287,4
SEQ2288,5
SEQ2289,2
SEQ2290,12
SEQ2291,1
SEQ2292,9
SEQ2293,6
SEQ2294,10
SEQ2295,0
SEQ2296,4
SEQ2297,4
SEQ2298,7
SEQ2299,0
SEQ2300,12
SEQ2301,4
SEQ2302,12
SEQ2303,0
SEQ2304,5
SEQ2305,14
SEQ2306,4
SEQ2307,6
SEQ2308,11
SEQ2309,5
SEQ2310,7
SEQ2311,12
SEQ2312,6
SEQ2313,6
SEQ2314,13
SEQ2315,13
SEQ2316,13
SEQ2317,5
SEQ2318,6
SEQ2319,3
SEQ2320,11
SEQ2321,11
SEQ2322,13
SEQ2323,1
SEQ2324,2
SEQ2325,4
SEQ2326,3
SEQ2327,6
SEQ2328,11
SEQ2329,0
SEQ2330,3
SEQ2331,4
SEQ2332,13
SEQ2333,1
SEQ2334,12
SEQ2335,14
SEQ2336,6
SEQ2337,7
SEQ2338,12
SEQ2339,13
SEQ2340,9
SEQ2341,7
SEQ2342,8
SEQ2343,13
SEQ2344,14
SEQ2345,5
SEQ2346,3
SEQ2347,11
SEQ2348,3
SEQ2349,4
SEQ2350,8
SEQ2351,5
SEQ2352,6
SEQ2353,10
SEQ2354,10
SEQ2355,10
SEQ2356,4
SEQ2357,4
SEQ2358,12
SEQ2359,7
SEQ2360,1
SEQ2361,12
SEQ2362,9
SEQ2363,2
SEQ2364,7
SEQ2365,4
SEQ2366,9
SEQ2367,14
SEQ2368,14
SEQ2369,3
SEQ2370,2
SEQ2371,8
SEQ2372,0
SEQ2373,9
SEQ2374,0
SEQ2375,12
SEQ2376,5
SEQ2377,0
SEQ2378,3
SEQ2379,12
SEQ2380,3
SEQ2381,7
SEQ2382,0
SEQ2383,12
SEQ2384,4
SEQ2385,3
SEQ2386,7
SEQ2387,9
SEQ2388,12
SEQ2389,4
SEQ2390,14
SEQ2391,8
SEQ2392,2
SEQ2393,4
SEQ2394,14
SEQ2395,4
SEQ2396,12
SEQ2397,8
SEQ2398,1
SEQ2399,7
SEQ2400,11
SEQ2401,4
SEQ2402,9
SEQ2403,1
SEQ2404,7
SEQ2405,4
SEQ2406,7
SEQ2407,10
SEQ2408,2
SEQ2409,10
SEQ2410,4
SEQ2411,9
SEQ2412,3
SEQ2413,10
SEQ2414,8
SEQ2415,3
SEQ2416,2
SEQ2417,12
SEQ2418,1
SEQ2419,4
SEQ2420,2
SEQ2421,6
SEQ2422,11
SEQ2423,4
SEQ2424,11
SEQ2425,3
SEQ2426,2
SEQ2427,11
SEQ2428,1
SEQ2429,1
SEQ2430,1
SEQ2431,2
SEQ2432,0
SEQ2433,1
SEQ2434,4
SEQ2435,11
SEQ2436,11
SEQ2437,14
SEQ2438,5
SEQ2439,9
SEQ2440,5
SEQ2441,4
SEQ2442,13
SEQ2443,4
SEQ2444,8
SEQ2445,5
SEQ2446,3
SEQ2447,3
SEQ2448,4
SEQ2449,4
SEQ2450,5
SEQ2451,3
SEQ2452,3
SEQ2453,0
SEQ2454,4
SEQ2455,9
SEQ2456,6
SEQ2457,4
SEQ2458,6
SEQ2459,3
SEQ2460,5
SEQ2461,3
SEQ2462,9
SEQ2463,2
SEQ2464,5
SEQ2465,14
SEQ2466,4
SEQ2467,14
SEQ2468,4
SEQ2469,12
SEQ2470,7
SEQ2471,4
SEQ2472,6
SEQ2473,10
SEQ2474,12
SEQ2475,11
SEQ2476,5
SEQ2477,13
SEQ2478,6
SEQ2479,4
SEQ2480,12
SEQ2481,9
SEQ2482,14
SEQ2483,3
SEQ2484,0
SEQ2485,1
SEQ2486,10
SEQ2487,1
SEQ2488,5
SEQ2489,4
SEQ2490,3
SEQ2491,6
SEQ2492,0
SEQ2493,1
SEQ2494,0
SEQ2495,2
SEQ2496,9
SEQ2497,3
SEQ2498,13
SEQ2499,14
SEQ2500,2
SEQ2501,11
SEQ2502,8
SEQ2503,12
SEQ2504,14
SEQ2505,5
SEQ2506,0
SEQ2507,11
SEQ2508,5
SEQ2509,3
SEQ2510,0
SEQ2511,3
SEQ2512,2
SEQ2513,12
SEQ2514,2
SEQ2515,12
SEQ2516,2
SEQ2517,11
SEQ2518,14
SEQ2519,4
SEQ2520,0
SEQ2521,6
SEQ2522,12
SEQ2523,14
SEQ2524,8
SEQ2525,10
SEQ2526,8
SEQ2527,2
SEQ2528,0
SEQ2529,1
SEQ2530,0
SEQ2531,1
SEQ2532,4
SEQ2533,5
SEQ2534,5
SEQ2535,3
SEQ2536,13
SEQ2537,14
SEQ2538,6
SEQ2539,14
SEQ2540,8
SEQ2541,3
SEQ2542,0
SEQ2543,4
SEQ2544,1
SEQ2545,12
SEQ2546,11
SEQ2547,9
SEQ2548,6
SEQ2549,12
SEQ2550,1
SEQ2551,8
SEQ2552,8
SEQ2553,11
SEQ2554,4
SEQ2555,8
SEQ2556,6
SEQ2557,13
SEQ2558,2
SEQ2559,6
SEQ2560,4
SEQ2561,4
SEQ2562,9
SEQ2563,7
SEQ2564,7
SEQ2565,6
SEQ2566,13
SEQ2567,3
SEQ2568,11
SEQ2569,4
SEQ2570,13
SEQ2571,1
SEQ2572,4
SEQ2573,14
SEQ2574,12
SEQ2575,8
SEQ2576,9
SEQ2577,14
SEQ2578,6
SEQ2579,4
SEQ2580,8
SEQ2581,9
SEQ2582,5
SEQ2583,10
SEQ2584,1
SEQ2585,3
SEQ2586,7
SEQ2587,3
SEQ2588,1
SEQ2589,9
SEQ2590,8
SEQ2591,12
SEQ2592,14
SEQ2593,0
SEQ2594,4
SEQ2595,0
SEQ2596,7
SEQ2597,11
SEQ2598,9
SEQ2599,1
SEQ2600,4
SEQ2601,4
SEQ2602,14
SEQ2603,8
SEQ2604,12
SEQ2605,4
SEQ2606,1
SEQ2607,7
SEQ2608,9
SEQ2609,11
SEQ2610,9
SEQ2611,5
SEQ2612,12
SEQ2613,6
SEQ2614,2
SEQ2615,8
SEQ2616,8
SEQ2617,3
SEQ2618,14
SEQ2619,0
SEQ2620,0
SEQ2621,4
SEQ2622,9
SEQ2623,7
SEQ2624,11
SEQ2625,11
SEQ2626,5
SEQ2627,2
SEQ2628,2
SEQ2629,9
SEQ2630,0
SEQ2631,3
SEQ2632,4
SEQ2633,9
SEQ2634,9
SEQ2635,8
SEQ2636,5
SEQ2637,9
SEQ2638,11
SEQ2639,14
SEQ2640,4
SEQ2641,13
SEQ2642,6
SEQ2643,7
SEQ2644,14
SEQ2645,14
SEQ2646,2
SEQ2647,9
SEQ2648,9
SEQ2649,1
SEQ2650,7
SEQ2651,12
SEQ2652,11
SEQ2653,7
SEQ2654,13
SEQ2655,5
SEQ2656,13
SEQ2657,9
SEQ2658,1
SEQ2659,8
SEQ2660,13
SEQ2661,8
SEQ2662,3
SEQ2663,8
SEQ2664,8
SEQ2665,11
SEQ2666,9
SEQ2667,14
SEQ2668,2
SEQ2669,3
SEQ2670,0
SEQ2671,1
SEQ2672,1
SEQ2673,8
SEQ2674,14
SEQ2675,11
SEQ2676,2
SEQ2677,4
SEQ2678,8
SEQ2679,9
SEQ2680,13
SEQ2681,3
SEQ2682,13
SEQ2683,3
SEQ2684,1
SEQ2685,9
SEQ2686,14
SEQ2687,6
SEQ2688,11
SEQ2689,0
SEQ2690,14
SEQ2691,3
SEQ2692,10
SEQ2693,14
SEQ2694,8
SEQ2695,11
SEQ2696,12
SEQ2697,14
SEQ2698,9
SEQ2699,9
SEQ2700,13
SEQ2701,13
SEQ2702,4
SEQ2703,6
SEQ2704,0
SEQ2705,9
SEQ2706,14
SEQ2707,0
SEQ2708,1
SEQ2709,7
SEQ2710,14
SEQ2711,14
SEQ2712,12
SEQ2713,4
SEQ2714,1
SEQ2715,8
SEQ2716,2
SEQ2717,1
SEQ2718,7
SEQ2719,3
SEQ2720,1
SEQ2721,11
SEQ2722,11
SEQ2723,13
SEQ2724,9
SEQ2725,1
SEQ2726,12
SEQ2727,6
SEQ2728,12
SEQ2729,12
SEQ2730,12
SEQ2731,13
SEQ2732,14
SEQ2733,0
SEQ2734,0
SEQ2735,7
SEQ2736,9
SEQ2737,5
SEQ2738,12
SEQ2739,14
SEQ2740,11
SEQ2741,7
SEQ2742,0
SEQ2743,7
SEQ2744,1
SEQ2745,2
SEQ2746,11
SEQ2747,8
SEQ2748,6
SEQ2749,4
SEQ2750,6
SEQ2751,14
SEQ2752,2
SEQ2753,5
SEQ2754,11
SEQ2755,13
SEQ2756,8
SEQ2757,1
SEQ2758,10
SEQ2759,0
SEQ2760,4
SEQ2761,3
SEQ2762,6
SEQ2763,9
SEQ2764,13
SEQ2765,1
SEQ2766,14
SEQ2767,12
SEQ2768,12
SEQ2769,8
SEQ2770,14
SEQ2771,13
SEQ2772,0
SEQ2773,1
SEQ2774,13
SEQ2775,14
SEQ2776,2
SEQ2777,2
SEQ2778,0
SEQ2779,13
SEQ2780,9
SEQ2781,5
SEQ2782,14
SEQ2783,2
SEQ2784,3
SEQ2785,4
SEQ2786,5
SEQ2787,10
SEQ2788,6
SEQ2789,12
SEQ2790,9
SEQ2791,5
SEQ2792,6
SEQ2793,11
SEQ2794,6
SEQ2795,2
SEQ2796,2
SEQ2797,4
SEQ2798,7
SEQ2799,13
SEQ2800,12
SEQ2801,2
SEQ2802,4
SEQ2803,9
SEQ2804,7
SEQ2805,9
SEQ2806,4
SEQ2807,1
SEQ2808,1
SEQ2809,0
SEQ2810,8
SEQ2811,14
SEQ2812,13
SEQ2813,14
SEQ2814,7
SEQ2815,5
SEQ2816,14
SEQ2817,9
SEQ2818,6
SEQ2819,13
SEQ2820,0
SEQ2821,12
SEQ2822,0
SEQ2823,2
SEQ2824,12
SEQ2825,6
SEQ2826,13
SEQ2827,0
SEQ2828,9
SEQ2829,12
SEQ2830,7
SEQ2831,0
SEQ2832,13
SEQ2833,3
SEQ2834,1
SEQ2835,4
SEQ2836,8
SEQ2837,13
SEQ2838,8
SEQ2839,9
SEQ2840,0
SEQ2841,13
SEQ2842,6
SEQ2843,4
SEQ2844,5
SEQ2845,9
SEQ2846,3
SEQ2847,9
SEQ2848,1
SEQ2849,13
SEQ2850,13
SEQ2851,13
SEQ2852,9
SEQ2853,8
SEQ2854,0
SEQ2855,8
SEQ2856,13
SEQ2857,6
SEQ2858,2
SEQ2859,14
SEQ2860,8
SEQ2861,11
SEQ2862,13
SEQ2863,9
SEQ2864,14
SEQ2865,13
SEQ2866,0
SEQ2867,6
SEQ2868,3
SEQ2869,7
SEQ2870,3
SEQ2871,11
SEQ2872,6
SEQ2873,14
SEQ2874,3
SEQ2875,6
SEQ2876,14
SEQ2877,1
SEQ2878,13
SEQ2879,9
SEQ2880,2
SEQ2881,10
SEQ2882,8
SEQ2883,1
SEQ2884,9
SEQ2885,13
SEQ2886,1
SEQ2887,8
SEQ2888,2
SEQ2889,4
SEQ2890,10
SEQ2891,0
SEQ2892,0
SEQ2893,13
SEQ2894,2
SEQ2895,4
SEQ2896,9
SEQ2897,11
SEQ2898,10
SEQ2899,10
SEQ2900,6
SEQ2901,10
SEQ2902,8
SEQ2903,7
SEQ2904,13
SEQ2905,6
SEQ2906,8
SEQ2907,9
SEQ2908,9
SEQ2909,6
SEQ2910,0
SEQ2911,11
SEQ2912,13
SEQ2913,9
SEQ2914,6
SEQ2915,4
SEQ2916,10
SEQ2917,6
SEQ2918,4
SEQ2919,6
SEQ2920,0
SEQ2921,0
SEQ2922,1
SEQ2923,0
SEQ2924,12
SEQ2925,7
SEQ2926,14
SEQ2927,6
SEQ2928,4
SEQ2929,4
SEQ2930,8
SEQ2931,10
SEQ2932,10
SEQ2933,4
SEQ2934,1
SEQ2935,9
SEQ2936,7
SEQ2937,3
SEQ2938,9
SEQ2939,4
SEQ2940,10
SEQ2941,10
SEQ2942,13
SEQ2943,9
SEQ2944,14
SEQ2945,0
SEQ2946,9
SEQ2947,7
SEQ2948,3
SEQ2949,3
SEQ2950,0
SEQ2951,12
SEQ2952,10
SEQ2953,4
SEQ2954,11
SEQ2955,1
SEQ2956,9
SEQ2957,10
SEQ2958,2
SEQ2959,10
SEQ2960,14
SEQ2961,1
SEQ2962,0
SEQ2963,1
SEQ2964,6
SEQ2965,2
SEQ2966,9
SEQ2967,0
SEQ2968,7
SEQ2969,0
SEQ2970,12
SEQ2971,4
SEQ2972,4
SEQ2973,4
SEQ2974,2
SEQ2975,0
SEQ2976,1
SEQ2977,2
SEQ2978,9
SEQ2979,6
SEQ2980,7
SEQ2981,1
SEQ2982,7
SEQ2983,6
SEQ2984,13
SEQ2985,9
SEQ2986,4
SEQ2987,11
SEQ2988,7
SEQ2989,0
SEQ2990,3
SEQ2991,11
SEQ2992,12
SEQ2993,11
SEQ2994,3
SEQ2995,1
SEQ2996,2
SEQ2997,5
SEQ2998,9
SEQ2999,11
SEQ3000,5
SEQ3001,7
SEQ3002,13
SEQ3003,3
SEQ3004,5
SEQ3005,12
SEQ3006,13
SEQ3007,5
SEQ3008,12
SEQ3009,13
SEQ3010,5
SEQ3011,14
SEQ3012,5
SEQ3013,8
SEQ3014,13
SEQ3015,12
SEQ3016,3
SEQ3017,9
SEQ3018,0
SEQ3019,2
SEQ3020,12
SEQ3021,5
SEQ3022,10
SEQ3023,6
SEQ3024,10
SEQ3025,3
SEQ3026,8
SEQ3027,14
SEQ3028,6
SEQ3029,1
SEQ3030,2
SEQ3031,4
SEQ3032,12
SEQ3033,0
SEQ3034,5
SEQ3035,6
SEQ3036,3
SEQ3037,3
SEQ3038,6
SEQ3039,13
SEQ3040,7
SEQ3041,14
SEQ3042,5
SEQ3043,8
SEQ3044,9
SEQ3045,14
SEQ3046,10
SEQ3047,5
SEQ3048,13
SEQ3049,11
SEQ3050,3
SEQ3051,14
SEQ3052,7
SEQ3053,14
SEQ3054,9
SEQ3055,6
SEQ3056,10
SEQ3057,3
SEQ3058,11
SEQ3059,8
SEQ3060,12
SEQ3061,3
SEQ3062,2
SEQ3063,13
SEQ3064,1
SEQ3065,13
SEQ3066,5
SEQ3067,11
SEQ3068,4
SEQ3069,11
SEQ3070,4
SEQ3071,5
SEQ3072,4
SEQ3073,9
SEQ3074,10
SEQ3075,5
SEQ3076,6
SEQ3077,2
SEQ3078,13
SEQ3079,12
SEQ3080,3
SEQ3081,6
SEQ3082,9
SEQ3083,7
SEQ3084,5
SEQ3085,10
SEQ3086,13
SEQ3087,6
SEQ3088,4
SEQ3089,5
SEQ3090,8
SEQ3091,2
SEQ3092,5
SEQ3093,6
SEQ3094,3
SEQ3095,8
SEQ3096,8
SEQ3097,6
SEQ3098,4
SEQ3099,9
SEQ3100,1
SEQ3101,9
SEQ3102,2
SEQ3103,7
SEQ3104,9
SEQ3105,10
SEQ3106,2
SEQ3107,10
SEQ3108,6
SEQ3109,14
SEQ3110,11
SEQ3111,11
SEQ3112,3
SEQ3113,1
SEQ3114,4
SEQ3115,7
SEQ3116,6
SEQ3117,12
SEQ3118,8
SEQ3119,14
SEQ3120,2
SEQ3121,2
SEQ3122,11
SEQ3123,4
SEQ3124,11
SEQ3125,9
SEQ3126,8
SEQ3127,2
SEQ3128,14
SEQ3129,10
SEQ3130,11
SEQ3131,9
SEQ3132,3
SEQ3133,8
SEQ3134,5
SEQ3135,1
SEQ3136,14
SEQ3137,0
SEQ3138,13
SEQ3139,4
SEQ3140,5
SEQ3141,9
SEQ3142,9
SEQ3143,4
SEQ3144,8
SEQ3145,5
SEQ3146,11
SEQ3147,7
SEQ3148,9
SEQ3149,14
SEQ3150,0
SEQ3151,10
SEQ3152,11
SEQ3153,5
SEQ3154,8
SEQ3155,12
SEQ3156,9
SEQ3157,9
SEQ3158,10
SEQ3159,10
SEQ3160,10
SEQ3161,7
SEQ3162,14
SEQ3163,5
SEQ3164,14
SEQ3165,10
SEQ3166,7
SEQ3167,3
SEQ3168,9
SEQ3169,9
SEQ3170,6
SEQ3171,3
SEQ3172,3
SEQ3173,10
SEQ3174,2
SEQ3175,5
SEQ3176,9
SEQ3177,13
SEQ3178,3
SEQ3179,11
SEQ3180,9
SEQ3181,0
SEQ3182,1
SEQ3183,5
SEQ3184,9
SEQ3185,1
SEQ3186,12
SEQ3187,5
SEQ3188,9
SEQ3189,9
SEQ3190,3
SEQ3191,12
SEQ3192,5
SEQ3193,9
SEQ3194,9
SEQ3195,2
SEQ3196,2
SEQ3197,4
SEQ3198,4
SEQ3199,14
SEQ3200,6
SEQ3201,10
SEQ3202,11
SEQ3203,14
SEQ3204,8
SEQ3205,14
SEQ3206,3
SEQ3207,7
SEQ3208,3
SEQ3209,2
SEQ3210,4
SEQ3211,6
SEQ3212,6
SEQ3213,3
SEQ3214,5
SEQ3215,7
SEQ3216,3
SEQ3217,14
SEQ3218,13
SEQ3219,5
SEQ3220,6
SEQ3221,6
SEQ3222,0
SEQ3223,5
SEQ3224,5
SEQ3225,2
SEQ3226,8
SEQ3227,10
SEQ3228,6
SEQ3229,9
SEQ3230,12
SEQ3231,2
SEQ3232,9
SEQ3233,11
SEQ3234,10
SEQ3235,5
SEQ3236,11
SEQ3237,10
SEQ3238,0
SEQ3239,12
SEQ3240,11
SEQ3241,10
SEQ3242,10
SEQ3243,1
SEQ3244,2
SEQ3245,13
SEQ3246,9
SEQ3247,6
SEQ3248,4
SEQ3249,0
SEQ3250,10
SEQ3251,7
SEQ3252,0
SEQ3253,0
SEQ3254,13
SEQ3255,5
SEQ3256,13
SEQ3257,8
SEQ3258,8
SEQ3259,12
SEQ3260,14
SEQ3261,2
SEQ3262,0
SEQ3263,2
SEQ3264,1
SEQ3265,5
SEQ3266,14
SEQ3267,1
SEQ3268,6
SEQ3269,5
SEQ3270,6
SEQ3271,8
SEQ3272,14
SEQ3273,8
SEQ3274,0
SEQ3275,5
SEQ3276,12
SEQ3277,14
SEQ3278,6
SEQ3279,8
SEQ3280,11
SEQ3281,6
SEQ3282,7
SEQ3283,0
SEQ3284,13
SEQ3285,14
SEQ3286,13
SEQ3287,14
SEQ3288,14
SEQ3289,3
SEQ3290,8
SEQ3291,5
SEQ3292,14
SEQ3293,10
SEQ3294,4
SEQ3295,7
SEQ3296,14
SEQ3297,2
SEQ3298,9
SEQ3299,9
SEQ3300,11
SEQ3301,13
SEQ3302,10
SEQ3303,4
SEQ3304,2
SEQ3305,11
SEQ3306,0
SEQ3307,5
SEQ3308,11
SEQ3309,2
SEQ3310,2
SEQ3311,8
SEQ3312,3
SEQ3313,6
SEQ3314,14
SEQ3315,0
SEQ3316,13
SEQ3317,7
SEQ3318,0
SEQ3319,4
SEQ3320,10
SEQ3321,11
SEQ3322,3
SEQ3323,14
SEQ3324,9
SEQ3325,0
SEQ3326,10
SEQ3327,7
SEQ3328,5
SEQ3329,8
SEQ3330,6
SEQ3331,9
SEQ3332,3
SEQ3333,7
SEQ3334,1
SEQ3335,10
SEQ3336,11
SEQ3337,5
SEQ3338,7
SEQ3339,8
SEQ3340,0
SEQ3341,9
SEQ3342,0
SEQ3343,4
SEQ3344,6
SEQ3345,9
SEQ3346,12
SEQ3347,5
SEQ3348,9
SEQ3349,12
SEQ3350,6
SEQ3351,10
SEQ3352,9
SEQ3353,1
SEQ3354,9
SEQ3355,13
SEQ3356,7
SEQ3357,4
SEQ3358,2
SEQ3359,12
SEQ3360,9
SEQ3361,7
SEQ3362,9
SEQ3363,2
SEQ3364,9
SEQ3365,7
SEQ3366,9
SEQ3367,9
SEQ3368,1
SEQ3369,10
SEQ3370,12
SEQ3371,2
SEQ3372,3
SEQ3373,14
SEQ3374,9
SEQ3375,0
SEQ3376,3
SEQ3377,13
SEQ3378,5
SEQ3379,2
SEQ3380,3
SEQ3381,11
SEQ3382,14
SEQ3383,11
SEQ3384,0
SEQ3385,9
SEQ3386,14
SEQ3387,7
SEQ3388,4
SEQ3389,11
SEQ3390,13
SEQ3391,12
SEQ3392,9
SEQ3393,12
SEQ3394,6
SEQ3395,11
SEQ3396,6
SEQ3397,13
SEQ3398,1
SEQ3399,4
SEQ3400,3
SEQ3401,8
SEQ3402,9
SEQ3403,3
SEQ3404,10
SEQ3405,6
SEQ3406,11
SEQ3407,14
SEQ3408,7
SEQ3409,9
SEQ3410,13
SEQ3411,8
SEQ3412,9
SEQ3413,13
SEQ3414,7
SEQ3415,14
SEQ3416,7
SEQ3417,12
SEQ3418,5
SEQ3419,12
SEQ3420,6
SEQ3421,12
SEQ3422,12
SEQ3423,9
SEQ3424,13
SEQ3425,14
SEQ3426,11
SEQ3427,2
SEQ3428,10
SEQ3429,6
SEQ3430,12
SEQ3431,13
SEQ3432,10
SEQ3433,1
SEQ3434,3
SEQ3435,3
SEQ3436,5
SEQ3437,0
SEQ3438,8
SEQ3439,9
SEQ3440,12
SEQ3441,0
SEQ3442,10
SEQ3443,5
SEQ3444,0
SEQ3445,5
SEQ3446,2
SEQ3447,9
SEQ3448,5
SEQ3449,3
SEQ3450,12
SEQ3451,1
SEQ3452,3
SEQ3453,11
SEQ3454,13
SEQ3455,13
SEQ3456,7
SEQ3457,4
SEQ3458,0
SEQ3459,13
SEQ3460,9
SEQ3461,0
SEQ3462,13
SEQ3463,11
SEQ3464,2
SEQ3465,12
SEQ3466,3
SEQ3467,0
SEQ3468,14
SEQ3469,6
SEQ3470,12
SEQ3471,10
SEQ3472,12
SEQ3473,11
SEQ3474,13
SEQ3475,11
SEQ3476,7
SEQ3477,0
SEQ3478,12
SEQ3479,14
SEQ3480,9
SEQ3481,1
SEQ3482,0
SEQ3483,4
SEQ3484,9
SEQ3485,6
SEQ3486,3
SEQ3487,9
SEQ3488,4
SEQ3489,2
SEQ3490,9
SEQ3491,6
SEQ3492,2
SEQ3493,0
SEQ3494,1
SEQ3495,12
SEQ3496,10
SEQ3497,2
SEQ3498,11
SEQ3499,3
SEQ3500,7
SEQ3501,1
SEQ3502,9
SEQ3503,8
SEQ3504,9
SEQ3505,1
SEQ3506,13
SEQ3507,1
SEQ3508,13
SEQ3509,3
SEQ3510,3
SEQ3511,1
SEQ3512,13
SEQ3513,9
SEQ3514,9
SEQ3515,3
SEQ3516,10
SEQ3517,13
SEQ3518,2
SEQ3519,2
SEQ3520,6
SEQ3521,8
SEQ3522,9
SEQ3523,13
SEQ3524,2
SEQ3525,11
SEQ3526,0
SEQ3527,12
SEQ3528,14
SEQ3529,9
SEQ3530,11
SEQ3531,11
SEQ3532,6
SEQ3533,1
SEQ3534,14
SEQ3535,5
SEQ3536,10
SEQ3537,6
SEQ3538,4
SEQ3539,9
SEQ3540,10
SEQ3541,0
SEQ3542,7
SEQ3543,2
SEQ3544,0
SEQ3545,3
SEQ3546,9
SEQ3547,9
SEQ3548,0
SEQ3549,4
SEQ3550,6
SEQ3551,12
SEQ3552,9
SEQ3553,0
SEQ3554,2
SEQ3555,10
SEQ3556,9
SEQ3557,7
SEQ3558,1
SEQ3559,6
SEQ3560,2
SEQ3561,10
SEQ3562,0
SEQ3563,2
SEQ3564,4
SEQ3565,8
SEQ3566,13
SEQ3567,14
SEQ3568,11
SEQ3569,4
SEQ3570,14
SEQ3571,2
SEQ3572,9
SEQ3573,10
SEQ3574,11
SEQ3575,0
SEQ3576,0
SEQ3577,8
SEQ3578,1
SEQ3579,0
SEQ3580,3
SEQ3581,0
SEQ3582,1
SEQ3583,5
SEQ3584,9
SEQ3585,10
SEQ3586,9
SEQ3587,9
SEQ3588,13
SEQ3589,2
SEQ3590,1
SEQ3591,9
SEQ3592,1
SEQ3593,2
SEQ3594,9
SEQ3595,14
SEQ3596,9
SEQ3597,11
SEQ3598,4
SEQ3599,6
SEQ3600,0
SEQ3601,1
SEQ3602,14
SEQ3603,3
SEQ3604,5
SEQ3605,9
SEQ3606,2
SEQ3607,3
SEQ3608,9
SEQ3609,8
SEQ3610,3
SEQ3611,11
SEQ3612,12
SEQ3613,7
SEQ3614,9
SEQ3615,6
SEQ3616,10
SEQ3617,12
SEQ3618,9
SEQ3619,9
SEQ3620,9
SEQ3621,9
SEQ3622,8
SEQ3623,10
SEQ3624,7
SEQ3625,7
SEQ3626,7
SEQ3627,9
SEQ3628,6
SEQ3629,14
SEQ3630,11
SEQ3631,1
SEQ3632,7
SEQ3633,10
SEQ3634,1
SEQ3635,11
SEQ3636,7
SEQ3637,9
SEQ3638,7
SEQ3639,12
SEQ3640,0
SEQ3641,0
SEQ3642,3
SEQ3643,1
SEQ3644,1
SEQ3645,13
SEQ3646,14
SEQ3647,3
SEQ3648,9
SEQ3649,4
SEQ3650,10
SEQ3651,4
SEQ3652,6
SEQ3653,1
SEQ3654,6
SEQ3655,11
SEQ3656,12
SEQ3657,12
SEQ3658,1
SEQ3659,4
SEQ3660,2
SEQ3661,6
SEQ3662,11
SEQ3663,4
SEQ3664,6
SEQ3665,10
SEQ3666,7
SEQ3667,12
SEQ3668,11
SEQ3669,11
SEQ3670,2
SEQ3671,9
SEQ3672,9
SEQ3673,5
SEQ3674,6
SEQ3675,10
SEQ3676,8
SEQ3677,3
SEQ3678,12
SEQ3679,5
SEQ3680,9
SEQ3681,9
SEQ3682,4
SEQ3683,3
SEQ3684,0
SEQ3685,12
SEQ3686,1
SEQ3687,13
SEQ3688,1
SEQ3689,2
SEQ3690,11
SEQ3691,13
SEQ3692,10
SEQ3693,9
SEQ3694,6
SEQ3695,13
SEQ3696,5
SEQ3697,10
SEQ3698,4
SEQ3699,14
SEQ3700,4
SEQ3701,14
SEQ3702,6
SEQ3703,13
SEQ3704,14
SEQ3705,5
SEQ3706,9
SEQ3707,9
SEQ3708,11
SEQ3709,1
SEQ3710,0
SEQ3711,11
SEQ3712,1
SEQ3713,11
SEQ3714,7
SEQ3715,9
SEQ3716,8
SEQ3717,1
SEQ3718,6
SEQ3719,9
SEQ3720,0
SEQ3721,8
SEQ3722,1
SEQ3723,4
SEQ3724,11
SEQ3725,8
SEQ3726,13
SEQ3727,9
SEQ3728,0
SEQ3729,2
SEQ3730,7
SEQ3731,6
SEQ3732,12
SEQ3733,2
SEQ3734,6
SEQ3735,2
SEQ3736,9
SEQ3737,2
SEQ3738,5
SEQ3739,1
SEQ3740,8
SEQ3741,3
SEQ3742,4
SEQ3743,8
SEQ3744,10
SEQ3745,2
SEQ3746,3
SEQ3747,9
SEQ3748,4
SEQ3749,10
SEQ3750,9
SEQ3751,13
SEQ3752,11
SEQ3753,1
SEQ3754,5
SEQ3755,10
SEQ3756,0
SEQ3757,0
SEQ3758,14
SEQ3759,9
SEQ3760,14
SEQ3761,4
SEQ3762,10
SEQ3763,9
SEQ3764,1
SEQ3765,10
SEQ3766,12
SEQ3767,12
SEQ3768,3
SEQ3769,6
SEQ3770,2
SEQ3771,9
SEQ3772,1
SEQ3773,0
SEQ3774,8
SEQ3775,9
SEQ3776,12
SEQ3777,6
SEQ3778,7
SEQ3779,1
SEQ3780,13
SEQ3781,13
SEQ3782,8
SEQ3783,4
SEQ3784,6
SEQ3785,7
SEQ3786,10
SEQ3787,13
SEQ3788,13
SEQ3789,3
SEQ3790,2
SEQ3791,13
SEQ3792,6
SEQ3793,1
SEQ3794,3
SEQ3795,12
SEQ3796,12
SEQ3797,7
SEQ3798,14
SEQ3799,9
SEQ3800,10
SEQ3801,4
SEQ3802,11
SEQ3803,9
SEQ3804,13
SEQ3805,14
SEQ3806,6
SEQ3807,2
SEQ3808,13
SEQ3809,9
SEQ3810,1
SEQ3811,9
SEQ3812,5
SEQ3813,6
SEQ3814,14
SEQ3815,5
SEQ3816,7
SEQ3817,12
SEQ3818,2
SEQ3819,7
SEQ3820,7
SEQ3821,6
SEQ3822,1
SEQ3823,4
SEQ3824,11
SEQ3825,3
SEQ3826,12
SEQ3827,1
SEQ3828,6
SEQ3829,3
SEQ3830,1
SEQ3831,5
SEQ3832,1
SEQ3833,7
SEQ3834,6
SEQ3835,13
SEQ3836,14
SEQ3837,9
SEQ3838,6
SEQ3839,14
SEQ3840,10
SEQ3841,8
SEQ3842,7
SEQ3843,12
SEQ3844,11
SEQ3845,9
SEQ3846,8
SEQ3847,4
SEQ3848,10
SEQ3849,5
SEQ3850,11
SEQ3851,9
SEQ3852,5
SEQ3853,1
SEQ3854,14
SEQ3855,0
SEQ3856,10
SEQ3857,11
SEQ3858,9
SEQ3859,3
SEQ3860,9
SEQ3861,6
SEQ3862,13
SEQ3863,6
SEQ3864,13
SEQ3865,5
SEQ3866,1
SEQ3867,11
SEQ3868,13
SEQ3869,5
SEQ3870,9
SEQ3871,12
SEQ3872,7
SEQ3873,2
SEQ3874,4
SEQ3875,3
SEQ3876,9
SEQ3877,9
SEQ3878,4
SEQ3879,7
SEQ3880,5
SEQ3881,1
SEQ3882,5
SEQ3883,4
SEQ3884,7
SEQ3885,7
SEQ3886,14
SEQ3887,1
SEQ3888,11
SEQ3889,9
SEQ3890,4
SEQ3891,1
SEQ3892,4
SEQ3893,9
SEQ3894,5
SEQ3895,3
SEQ3896,1
SEQ3897,6
SEQ3898,9
SEQ3899,6
SEQ3900,10
SEQ3901,2
SEQ3902,6
SEQ3903,12
SEQ3904,11
SEQ3905,7
SEQ3906,7
SEQ3907,1
SEQ3908,12
SEQ3909,11
SEQ3910,1
SEQ3911,11
SEQ3912,0
SEQ3913,1
SEQ3914,6
SEQ3915,9
SEQ3916,5
SEQ3917,12
SEQ3918,2
SEQ3919,9
SEQ3920,9
SEQ3921,5
SEQ3922,2
SEQ3923,13
SEQ3924,4
SEQ3925,5
SEQ3926,7
SEQ3927,8
SEQ3928,3
SEQ3929,3
SEQ3930,10
SEQ3931,13
SEQ3932,5
SEQ3933,13
SEQ3934,0
SEQ3935,8
SEQ3936,14
SEQ3937,9
SEQ3938,3
SEQ3939,11
SEQ3940,7
SEQ3941,3
SEQ3942,3
SEQ3943,7
SEQ3944,13
SEQ3945,3
SEQ3946,2
SEQ3947,13
SEQ3948,3
SEQ3949,9
SEQ3950,6
SEQ3951,0
SEQ3952,12
SEQ3953,12
SEQ3954,12
SEQ3955,13
SEQ3956,11
SEQ3957,5
SEQ3958,13
SEQ3959,8
SEQ3960,1
SEQ3961,9
SEQ3962,8
SEQ3963,9
SEQ3964,9
SEQ3965,4
SEQ3966,1
SEQ3967,2
SEQ3968,5
SEQ3969,4
SEQ3970,4
SEQ3971,6
SEQ3972,4
SEQ3973,14
SEQ3974,14
SEQ3975,7
SEQ3976,1
SEQ3977,9
SEQ3978,5
SEQ3979,5
SEQ3980,6
SEQ3981,8
SEQ3982,13
SEQ3983,0
SEQ3984,10
SEQ3985,6
SEQ3986,7
SEQ3987,8
SEQ3988,1
SEQ3989,5
SEQ3990,1
SEQ3991,7
SEQ3992,14
SEQ3993,2
SEQ3994,3
SEQ3995,3
SEQ3996,2
SEQ3997,1
SEQ3998,0
SEQ3999,7
SEQ4000,3
SEQ4001,0
SEQ4002,2
SEQ4003,3
SEQ4004,9
SEQ4005,8
SEQ4006,0
SEQ4007,6
SEQ4008,6
SEQ4009,13
SEQ4010,8
SEQ4011,2
SEQ4012,12
SEQ4013,2
SEQ4014,11
SEQ4015,10
SEQ4016,12
SEQ4017,14
SEQ4018,3
SEQ4019,5
SEQ4020,12
SEQ4021,0
SEQ4022,1
SEQ4023,14
SEQ4024,11
SEQ4025,11
SEQ4026,2
SEQ4027,8
SEQ4028,0
SEQ4029,5
SEQ4030,8
SEQ4031,10
SEQ4032,13
SEQ4033,11
SEQ4034,9
SEQ4035,12
SEQ4036,8
SEQ4037,6
SEQ4038,12
SEQ4039,9
SEQ4040,13
SEQ4041,3
SEQ4042,4
SEQ4043,6
SEQ4044,4
SEQ4045,1
SEQ4046,1
SEQ4047,9
SEQ4048,6
SEQ4049,9
SEQ4050,6
SEQ4051,14
SEQ4052,3
SEQ4053,4
SEQ4054,2
SEQ4055,12
SEQ4056,12
SEQ4057,9
SEQ4058,9
SEQ4059,8
SEQ4060,7
SEQ4061,7
SEQ4062,9
SEQ4063,1
SEQ4064,3
SEQ4065,12
SEQ4066,4
SEQ4067,14
SEQ4068,9
SEQ4069,4
SEQ4070,5
SEQ4071,6
SEQ4072,1
SEQ4073,0
SEQ4074,0
SEQ4075,1
SEQ4076,13
SEQ4077,2
SEQ4078,0
SEQ4079,9
SEQ4080,7
SEQ4081,10
SEQ4082,13
SEQ4083,6
SEQ4084,12
SEQ4085,12
SEQ4086,3
SEQ4087,10
SEQ4088,5
SEQ4089,9
SEQ4090,2
SEQ4091,2
SEQ4092,9
SEQ4093,0
SEQ4094,5
SEQ4095,7
SEQ4096,9
SEQ4097,3
SEQ4098,0
SEQ4099,13
SEQ4100,12
SEQ4101,5
SEQ4102,9
SEQ4103,4
SEQ4104,7
SEQ4105,6
SEQ4106,7
SEQ4107,3
SEQ4108,10
SEQ4109,5
SEQ4110,12
SEQ4111,4
SEQ4112,8
SEQ4113,9
SEQ4114,3
SEQ4115,2
SEQ4116,2
SEQ4117,12
SEQ4118,11
SEQ4119,14
SEQ4120,6
SEQ4121,10
SEQ4122,10
SEQ4123,14
SEQ4124,0
SEQ4125,7
SEQ4126,10
SEQ4127,7
SEQ4128,8
SEQ4129,14
SEQ4130,3
SEQ4131,12
SEQ4132,5
SEQ4133,5
SEQ4134,0
SEQ4135,9
SEQ4136,12
SEQ4137,13
SEQ4138,6
SEQ4139,14
SEQ4140,10
SEQ4141,5
SEQ4142,6
SEQ4143,1
SEQ4144,12
SEQ4145,13
SEQ4146,8
SEQ4147,13
SEQ4148,3
SEQ4149,0
SEQ4150,4
SEQ4151,9
SEQ4152,9
SEQ4153,9
SEQ4154,12
SEQ4155,4
SEQ4156,10
SEQ4157,7
SEQ4158,5
SEQ4159,8
SEQ4160,3
SEQ4161,14
SEQ4162,9
SEQ4163,10
SEQ4164,7
SEQ4165,4
SEQ4166,8
SEQ4167,8
SEQ4168,14
SEQ4169,13
SEQ4170,14
SEQ4171,13
SEQ4172,6
SEQ4173,14
SEQ4174,10
SEQ4175,7
SEQ4176,14
SEQ4177,6
SEQ4178,9
SEQ4179,3
SEQ4180,9
SEQ4181,9
SEQ4182,0
SEQ4183,10
SEQ4184,10
SEQ4185,12
SEQ4186,11
SEQ4187,3
SEQ4188,2
SEQ4189,9
SEQ4190,0
SEQ4191,1
SEQ4192,8
SEQ4193,11
SEQ4194,13
SEQ4195,11
SEQ4196,14
SEQ4197,14
SEQ4198,8
SEQ4199,9
SEQ4200,2
SEQ4201,14
SEQ4202,13
SEQ4203,4
SEQ4204,5
SEQ4205,6
SEQ4206,10
SEQ4207,9
SEQ4208,9
SEQ4209,9
SEQ4210,0
SEQ4211,8
SEQ4212,4
SEQ4213,3
SEQ4214,9
SEQ4215,0
SEQ4216,14
SEQ4217,7
SEQ4218,9
SEQ4219,5
SEQ4220,6
SEQ4221,0
SEQ4222,1
SEQ4223,9
SEQ4224,9
SEQ4225,10
SEQ4226,6
SEQ4227,2
SEQ4228,9
SEQ4229,10
SEQ4230,0
SEQ4231,12
SEQ4232,6
SEQ4233,4
SEQ4234,6
SEQ4235,6
SEQ4236,9
SEQ4237,3
SEQ4238,2
SEQ4239,13
SEQ4240,7
SEQ4241,9
SEQ4242,7
SEQ4243,10
SEQ4244,0
SEQ4245,9
SEQ4246,10
SEQ4247,10
SEQ4248,6
SEQ4249,3
SEQ4250,10
SEQ4251,8
SEQ4252,6
SEQ4253,6
SEQ4254,8
SEQ4255,14
SEQ4256,13
SEQ4257,2
SEQ4258,10
SEQ4259,1
SEQ4260,3
SEQ4261,4
SEQ4262,9
SEQ4263,0
SEQ4264,12
SEQ4265,8
SEQ4266,14
SEQ4267,9
SEQ4268,10
SEQ4269,5
SEQ4270,0
SEQ4271,6
SEQ4272,11
SEQ4273,2
SEQ4274,11
SEQ4275,1
SEQ4276,2
SEQ4277,13
SEQ4278,1
SEQ4279,1
SEQ4280,0
SEQ4281,13
SEQ4282,9
SEQ4283,8
SEQ4284,8
SEQ4285,0
SEQ4286,4
SEQ4287,9
SEQ4288,8
SEQ4289,6
SEQ4290,5
SEQ4291,7
SEQ4292,9
SEQ4293,5
SEQ4294,8
SEQ4295,1
SEQ4296,0
SEQ4297,11
SEQ4298,14
SEQ4299,2
SEQ4300,10
SEQ4301,9
SEQ4302,1
SEQ4303,6
SEQ4304,8
SEQ4305,11
SEQ4306,7
SEQ4307,1
SEQ4308,9
SEQ4309,3
SEQ4310,9
SEQ4311,10
SEQ4312,7
SEQ4313,1
SEQ4314,8
SEQ4315,12
SEQ4316,12
SEQ4317,6
SEQ4318,5
SEQ4319,13
SEQ4320,2
SEQ4321,5
SEQ4322,9
SEQ4323,6
SEQ4324,5
SEQ4325,4
SEQ4326,4
SEQ4327,0
SEQ4328,10
SEQ4329,8
SEQ4330,9
SEQ4331,8
SEQ4332,5
SEQ4333,9
SEQ4334,2
SEQ4335,6
SEQ4336,1
SEQ4337,0
SEQ4338,9
SEQ4339,1
SEQ4340,13
SEQ4341,13
SEQ4342,8
SEQ4343,12
SEQ4344,10
SEQ4345,2
SEQ4346,4
SEQ4347,13
SEQ4348,9
SEQ4349,8
SEQ4350,14
SEQ4351,5
SEQ4352,0
SEQ4353,6
SEQ4354,1
SEQ4355,6
SEQ4356,13
SEQ4357,14
SEQ4358,7
SEQ4359,9
SEQ4360,4
SEQ4361,7
SEQ4362,11
SEQ4363,8
SEQ4364,10
SEQ4365,6
SEQ4366,11
SEQ4367,9
SEQ4368,1
SEQ4369,14
SEQ4370,9
SEQ4371,0
SEQ4372,7
SEQ4373,3
SEQ4374,0
SEQ4375,0
SEQ4376,13
SEQ4377,6
SEQ4378,2
SEQ4379,0
SEQ4380,9
SEQ4381,9
SEQ4382,0
SEQ4383,9
SEQ4384,2
SEQ4385,13
SEQ4386,1
SEQ4387,7
SEQ4388,13
SEQ4389,10
SEQ4390,4
SEQ4391,6
SEQ4392,3
SEQ4393,9
SEQ4394,7
SEQ4395,10
SEQ4396,10
SEQ4397,4
SEQ4398,8
SEQ4399,1
SEQ4400,7
SEQ4401,2
SEQ4402,7
SEQ4403,1
SEQ4404,4
SEQ4405,14
SEQ4406,3
SEQ4407,2
SEQ4408,9
SEQ4409,4
SEQ4410,9
SEQ4411,6
SEQ4412,7
SEQ4413,11
SEQ4414,6
SEQ4415,12
SEQ4416,2
SEQ4417,0
SEQ4418,1
SEQ4419,10
SEQ4420,6
SEQ4421,12
SEQ4422,2
SEQ4423,14
SEQ4424,12
SEQ4425,8
SEQ4426,5
SEQ4427,9
SEQ4428,12
SEQ4429,9
SEQ4430,3
SEQ4431,0
SEQ4432,4
SEQ4433,6
SEQ4434,1
SEQ4435,9
SEQ4436,3
SEQ4437,4
SEQ4438,2
SEQ4439,9
SEQ4440,13
SEQ4441,3
SEQ4442,8
SEQ4443,1
SEQ4444,12
SEQ4445,2
SEQ4446,0
SEQ4447,13
SEQ4448,4
SEQ4449,11
SEQ4450,2
SEQ4451,12
SEQ4452,0
SEQ4453,6
SEQ4454,13
SEQ4455,13
SEQ4456,6
SEQ4457,4
SEQ4458,1
SEQ4459,7
SEQ4460,2
SEQ4461,5
SEQ4462,9
SEQ4463,14
SEQ4464,6
SEQ4465,11
SEQ4466,2
SEQ4467,3
SEQ4468,8
